user,class,flair,date
flashman, ocmaker, OC: 10,2017-04-03
cavedave, ocmaker, OC: 13,2017-04-03
None, ocmaker, OC: 3,2017-04-03
hadley, AMAGuest, Hadley Wickham | RStudio,2017-04-03
shabda, ocmaker, OC: 11,2017-04-03
viggity, ocmaker, OC: 1,2017-04-03
Philipp, ocmaker, OC: 2,2017-04-03
duddles, ocmaker, OC: 5,2017-04-03
Lighting, ocmaker, OC: 2,2017-04-03
jaybol, practitioner, Viz Practitioner,2017-04-03
achillean, ocmaker, OC: 4,2017-04-03
jeffmshaw, ocmaker, OC: 1,2017-04-03
OneSalientOversight, ocmaker, OC: 2,2017-04-03
jeaguilar, ocmaker, OC: 1,2017-04-03
BradC, ocmaker, OC: 1,2017-04-03
Daniel_SJ, ocmaker, OC: 1,2017-04-03
cwalk, ocmaker, OC: 1,2017-04-03
IanCal, ocmaker, OC: 1,2017-04-03
LeoPanthera, ocmaker, OC: 1,2017-04-03
BovingdonBug, ocmaker, OC: 1,2017-04-03
geak78, ocmaker, OC: 1,2017-04-03
Pun_isher, practitioner, Viz Practitioner,2017-04-03
Epistaxis, practitioner, Viz Practitioner,2017-04-03
loulan, ocmaker, OC: 1,2017-04-03
bjacobso, ocmaker, OC: 1,2017-04-03
jmdugan, ocmaker, OC: 1,2017-04-03
sandusky_hohoho, ocmaker, OC: 4,2017-04-03
Steeph, ocmaker, OC: 35,2017-04-03
dinoignacio, ocmaker, OC: 1,2017-04-03
billshander, practitioner, Viz Practitioner,2017-04-03
plamere, practitioner, Viz Practitioner,2017-04-03
trevorprater, ocmaker, OC: 1,2017-04-03
spepperkeeper, ocmaker, OC: 1,2017-04-03
shaggorama, practitioner, Viz Practitioner,2017-04-03
yelper, researcher, Viz Researcher,2017-04-03
anuratim, practitioner, Viz Practitioner,2017-04-03
halhen, ocmaker, OC: 5,2017-04-03
dabrorius, ocmaker, OC: 1,2017-04-03
antiskocz, ocmaker, OC: 10,2017-04-03
zonination, ocmaker, OC: 27,2017-04-03
fhoffa, ocmaker, OC: 23,2017-04-03
billychasen, ocmaker, OC: 1,2017-04-03
enjalot, practitioner, Viz Practitioner,2017-04-03
dzwiedz, ocmaker, OC: 1,2017-04-03
grasshoppermouse, ocmaker, OC: 3,2017-04-03
danwin, ocmaker, OC: 10,2017-04-03
ABCosmos, ocmaker, OC: 2,2017-04-03
primaryobjects, ocmaker, OC: 1,2017-04-03
celacanto, ocmaker, OC: 3,2017-04-03
cpdomina, ocmaker, OC: 4,2017-04-03
__Joker, ocmaker, OC: 3,2017-04-03
ki85squared, ocmaker, OC: 1,2017-04-03
theotheredmund, ocmaker, OC: 1,2017-04-03
Bezbojnicul, practitioner, Viz Practitioner,2017-04-03
mvuijlst, ocmaker, OC: 2,2017-04-03
kabukistar, ocmaker, OC: 1,2017-04-03
pillowfort, ocmaker, OC: 1,2017-04-03
frostickle, researcher, Viz Researcher,2017-04-03
GoodReason, ocmaker, OC: 1,2017-04-03
ozonesonde, ocmaker, OC: 1,2017-04-03
jeweloree, practitioner, Viz Practitioner,2017-04-03
jetRink, ocmaker, OC: 1,2017-04-03
salilsethi, ocmaker, OC: 6,2017-04-03
cuginhamer, ocmaker, OC: 2,2017-04-03
aaaahhhhhlex, ocmaker, OC: 1,2017-04-03
skyline4life, ocmaker, OC: 2,2017-04-03
seppo0010, ocmaker, OC: 1,2017-04-03
snowstorm99, ocmaker, OC: 1,2017-04-03
demusdesign, ocmaker, OC: 2,2017-04-03
cgspam, ocmaker, OC: 1,2017-04-03
1wheel, practitioner, Viz Practitioner,2017-04-03
gringer, ocmaker, OC: 4,2017-04-03
thomasmagnum, ocmaker, OC: 1,2017-04-03
optsyn, ocmaker, OC: 3,2017-04-03
SOLUNAR, ocmaker, OC: 11,2017-04-03
Jordo82, ocmaker, OC: 1,2017-04-03
timmeko, practitioner, Viz Practitioner,2017-04-03
splad, ocmaker, OC: 1,2017-04-03
plantmon, ocmaker, OC: 1,2017-04-03
narfdotpl, ocmaker, OC: 1,2017-04-03
mhstrom, practitioner, Viz Practitioner,2017-04-03
raneff, ocmaker, OC: 1,2017-04-03
keeferc, ocmaker, OC: 4,2017-04-03
ron_leflore, ocmaker, OC: 2,2017-04-03
Antrikshy, ocmaker, OC: 1,2017-04-03
robbibt, ocmaker, OC: 8,2017-04-03
gamerdonkey, ocmaker, OC: 1,2017-04-03
duncangeere, ocmaker, OC: 4,2017-04-03
tensegritydan, ocmaker, OC: 1,2017-04-03
sowenga, ocmaker, OC: 1,2017-04-03
llewellynjean, ocmaker, OC: 6,2017-04-03
NonNonHeinous, researcher, Viz Researcher,2017-04-03
thedeejus, ocmaker, OC: 1,2017-04-03
Somali_Pir8, ocmaker, OC: 1,2017-04-03
aloje, ocmaker, OC: 1,2017-04-03
Waja_Wabit, ocmaker, OC: 6,2017-04-03
Surf_Science, practitioner, Viz Practitioner,2017-04-03
makingplansfornigel, ocmaker, OC: 1,2017-04-03
MlKEY, ocmaker, OC: 1,2017-04-03
perimosocordiae, ocmaker, OC: 1,2017-04-03
yaph, ocmaker, OC: 56,2017-04-03
thoughtso, ocmaker, OC: 2,2017-04-03
sesipikai, ocmaker, OC: 1,2017-04-03
Daniel2011, ocmaker, OC: 1,2017-04-03
ajn0592, ocmaker, OC: 1,2017-04-03
parallaxadaisical, ocmaker, OC: 1,2017-04-03
dreamfall17, ocmaker, OC: 2,2017-04-03
WH1TE, ocmaker, OC: 1,2017-04-03
wander7, ocmaker, OC: 1,2017-04-03
kencrema, ocmaker, OC: 1,2017-04-03
rhiever, practitioner, Viz Practitioner | Randy Olson,2017-04-03
dinosaur_noises, ocmaker, OC: 1,2017-04-03
UnfrozenCavemanLaw, ocmaker, OC: 2,2017-04-03
lordcheeto, ocmaker, OC: 1,2017-04-03
DarreToBe, ocmaker, OC: 1,2017-04-03
amoodie, ocmaker, OC: 5,2017-04-03
allbrightallways, ocmaker, OC: 24,2017-04-03
a_space_marine, ocmaker, OC: 1,2017-04-03
kevando, ocmaker, OC: 1,2017-04-03
Stabyourself, ocmaker, OC: 1,2017-04-03
minimaxir, practitioner, Viz Practitioner,2017-04-03
rbevans, ocmaker, OC: 1,2017-04-03
mathisonian, ocmaker, OC: 2,2017-04-03
SomeSnm, ocmaker, OC: 1,2017-04-03
faux_pseudo, ocmaker, OC: 1,2017-04-03
Continuity_organizer, ocmaker, OC: 4,2017-04-03
Crevetolog, ocmaker, OC: 2,2017-04-03
asonjones, ocmaker, OC: 1,2017-04-03
coffins, ocmaker, OC: 1,2017-04-03
wanmoar, ocmaker, OC: 3,2017-04-03
heyjoshturner, ocmaker, OC: 1,2017-04-03
twoTheta, ocmaker, OC: 1,2017-04-03
firedancer414, practitioner, Viz Practitioner,2017-04-03
DijonPepperberry, ocmaker, OC: 2,2017-04-03
SeaGraphs, ocmaker, OC: 1,2017-04-03
buck54321, ocmaker, OC: 2,2017-04-03
Flipper3, researcher, Viz Researcher,2017-04-03
Toox07, ocmaker, OC: 3,2017-04-03
techno_babble_, ocmaker, OC: 4,2017-04-03
yanofsky, practitioner, David Yanofsky (Quartz),2017-04-03
46_and_2, ocmaker, OC: 2,2017-04-03
Humpyhempy, ocmaker, OC: 4,2017-04-03
viklas76, ocmaker, OC: 1,2017-04-03
noahdbl, ocmaker, OC: 1,2017-04-03
7UPvote, ocmaker, OC: 2,2017-04-03
Mapquestify, ocmaker, OC: 49,2017-04-03
xG33Kx, ocmaker, OC: 1,2017-04-03
thirdegree, ocmaker, OC: 1,2017-04-03
timmylace, ocmaker, OC: 2,2017-04-03
cdjcon, practitioner, Viz Practitioner,2017-04-03
ostedog, ocmaker, OC: 2,2017-04-03
tonyp2121, ocmaker, OC: 1,2017-04-03
KavbvaK, ocmaker, OC: 1,2017-04-03
Reinu, ocmaker, OC: 1,2017-04-03
Lonyo, ocmaker, OC: 1,2017-04-03
areyoumymother, ocmaker, OC: 2,2017-04-03
edent, ocmaker, OC: 1,2017-04-03
TheThunderbird, ocmaker, OC: 1,2017-04-03
maumaumaumaumau, ocmaker, OC: 1,2017-04-03
bburky, ocmaker, OC: 1,2017-04-03
nicocote, ocmaker, OC: 1,2017-04-03
FSMPBUH, ocmaker, OC: 15,2017-04-03
Blanchild, ocmaker, OC: 1,2017-04-03
jcc10, ocmaker, OC: 1,2017-04-03
anthonyd3ca, ocmaker, OC: 3,2017-04-03
onejoey, ocmaker, OC: 1,2017-04-03
moizsyed, ocmaker, OC: 4,2017-04-03
datadreamer, practitioner, Viz Practitioner,2017-04-03
xJRWR, ocmaker, OC: 2,2017-04-03
somegetit, ocmaker, OC: 1,2017-04-03
cwhiatt, ocmaker, OC: 1,2017-04-03
tractortractor, ocmaker, OC: 1,2017-04-03
powersurge360, ocmaker, OC: 2,2017-04-03
mskm203, ocmaker, OC: 13,2017-04-03
wil3, ocmaker, OC: 4,2017-04-03
mherr77m, ocmaker, OC: 2,2017-04-03
aqrashik, ocmaker, OC: 1,2017-04-03
beyond_understanding, ocmaker, OC: 1,2017-04-03
BetaKeyTakeaway, ocmaker, OC: 1,2017-04-03
canadaoilguy, ocmaker, OC: 1,2017-04-03
Starsy, ocmaker, OC: 10,2017-04-03
flowingD, AMAGuest, Nathan Yau | FlowingData,2017-04-03
backstreetskeeter, ocmaker, OC: 1,2017-04-03
lennyp4, ocmaker, OC: 1,2017-04-03
gregofthe, ocmaker, OC: 1,2017-04-03
dnmn8r, ocmaker, OC: 1,2017-04-03
GMarshal, ocmaker, OC: 1,2017-04-03
jameserrico, ocmaker, OC: 1,2017-04-03
munky86, ocmaker, OC: 7,2017-04-03
PinkSlimeIsPeople, ocmaker, OC: 1,2017-04-03
ntf1992, ocmaker, OC: 1,2017-04-03
scheplick, ocmaker, OC: 1,2017-04-03
XFallenMasterX, ocmaker, OC: 2,2017-04-03
awesome_sauce911, ocmaker, OC: 1,2017-04-03
otisthorpesrevenge, ocmaker, OC: 1,2017-04-03
DrByg, ocmaker, OC: 1,2017-04-03
OmniaMors, ocmaker, OC: 8,2017-04-03
raimondi1337, ocmaker, OC: 1,2017-04-03
proxyformyrealname, ocmaker, OC: 30,2017-04-03
LittleToke, practitioner, Viz Practitioner,2017-04-03
mvpetri, ocmaker, OC: 1,2017-04-03
centralwinger, ocmaker, OC: 4,2017-04-03
josdirksen, ocmaker, OC: 7,2017-04-03
Spritesgud, ocmaker, OC: 1,2017-04-03
rtphokie, ocmaker, OC: 5,2017-04-03
-Josh, ocmaker, OC: 2,2017-04-03
gmh1977, ocmaker, OC: 13,2017-04-03
eightiesfanjan, ocmaker, OC: 4,2017-04-03
Geographist, ocmaker, OC: 31,2017-04-03
NinjaJeebus, ocmaker, OC: 1,2017-04-03
Madmanquail, ocmaker, OC: 2,2017-04-03
bs40404, ocmaker, OC: 1,2017-04-03
rayyayyar, ocmaker, OC: 1,2017-04-03
Ferrari5746, ocmaker, OC: 1,2017-04-03
kolz13, ocmaker, OC: 5,2017-04-03
SunriseMilkshake, ocmaker, OC: 1,2017-04-03
zdotaz, ocmaker, OC: 1,2017-04-03
petulla, ocmaker, OC: 7,2017-04-03
vppsintist, ocmaker, OC: 1,2017-04-03
silly-moose, ocmaker, OC: 1,2017-04-03
matei1987, ocmaker, OC: 6,2017-04-03
nschulz76, ocmaker, OC: 2,2017-04-03
freeWeemsy, ocmaker, OC: 1,2017-04-03
teaearlgraycold, ocmaker, OC: 4,2017-04-03
jpljr77, ocmaker, OC: 1,2017-04-03
aaron_hoffman, ocmaker, OC: 3,2017-04-03
SSSI, practitioner, Viz Practitioner,2017-04-03
Katie_Pornhub, ocmaker, OC: 1,2017-04-03
cahamarca, ocmaker, OC: 1,2017-04-03
aviroy, ocmaker, OC: 4,2017-04-03
jstnphan, ocmaker, OC: 3,2017-04-03
sndrsk, practitioner, Viz Practitioner,2017-04-03
davidbauer, ocmaker, OC: 8,2017-04-03
K5cents, ocmaker, OC: 1,2017-04-03
takeasecond, ocmaker, OC: 3,2017-04-03
screelings, ocmaker, OC: 2,2017-04-03
jupiter93, ocmaker, OC: 55,2017-04-03
Prometheus09, ocmaker, OC: 6,2017-04-03
bluering, ocmaker, OC: 3,2017-04-03
ThisAnchor, ocmaker, OC: 1,2017-04-03
elktamer, ocmaker, OC: 1,2017-04-03
Hyperphrenic, ocmaker, OC: 3,2017-04-03
tyrannosaurusdick, ocmaker, OC: 1,2017-04-03
subroutines, ocmaker, OC: 1,2017-04-03
PlaidWalker, ocmaker, OC: 1,2017-04-03
ERAU, ocmaker, OC: 13,2017-04-03
JorgeGT, ocmaker, OC: 2,2017-04-03
digitron, ocmaker, OC: 1,2017-04-03
Marcelo002, ocmaker, OC: 1,2017-04-03
aarkebauer, ocmaker, OC: 1,2017-04-03
larperdoodle, ocmaker, OC: 3,2017-04-03
InUrFridge, ocmaker, OC: 1,2017-04-03
drewsiah, ocmaker, OC: 1,2017-04-03
e8odie, ocmaker, OC: 14,2017-04-03
locke54, ocmaker, OC: 1,2017-04-03
saphnabylni, ocmaker, OC: 1,2017-04-03
Bear_Braumoeller, practitioner, Viz Practitioner,2017-04-03
Quant_Liz_Lemon, ocmaker, OC: 1,2017-04-03
CCP_Quant, practitioner, Viz Practitioner,2017-04-03
ChapterWhatever, ocmaker, OC: 6,2017-04-03
joshbegley, ocmaker, OC: 1,2017-04-03
tekelili, ocmaker, OC: 1,2017-04-03
Tokyomoose, ocmaker, OC: 1,2017-04-03
wannagowest, ocmaker, OC: 1,2017-04-03
Mock_Twain, practitioner, Viz Practitioner,2017-04-03
kerrybaumann, ocmaker, OC: 1,2017-04-03
dbain236, ocmaker, OC: 1,2017-04-03
benrudolph, ocmaker, OC: 5,2017-04-03
TheUltimateTeaCup, ocmaker, OC: 1,2017-04-03
ritchiesking, practitioner, Ritchie King (FiveThirtyEight),2017-04-03
h20lac, ocmaker, OC: 9,2017-04-03
qlpc, ocmaker, OC: 1,2017-04-03
dukerustfield, ocmaker, OC: 1,2017-04-03
Vicar13, ocmaker, OC: 5,2017-04-03
walletwarrior, ocmaker, OC: 2,2017-04-03
healthanalyst, practitioner, Viz Practitioner,2017-04-03
dopatraman, ocmaker, OC: 2,2017-04-03
aDrz, ocmaker, OC: 2,2017-04-03
ResidentMario, practitioner, Viz Practitioner,2017-04-03
Morning_Fresh, ocmaker, OC: 2,2017-04-03
sdfdsv, ocmaker, OC: 2,2017-04-03
DMan9797, ocmaker, OC: 3,2017-04-03
supaplex_, practitioner, Viz Practitioner,2017-04-03
ADavidJohnson, ocmaker, OC: 4,2017-04-03
I_Use_This_4_PORN, ocmaker, OC: 2,2017-04-03
thebitchboys, ocmaker, OC: 1,2017-04-03
cffff, ocmaker, OC: 1,2017-04-03
Kombutini, ocmaker, OC: 3,2017-04-03
slccsoccer28, ocmaker, OC: 1,2017-04-03
jalgroy, ocmaker, OC: 2,2017-04-03
kristianjensen5, ocmaker, OC: 2,2017-04-03
tresliso, practitioner, Viz Practitioner,2017-04-03
jonjiv, ocmaker, OC: 1,2017-04-03
Snooooze, ocmaker, OC: 1,2017-04-03
jasonrohrer, ocmaker, OC: 1,2017-04-03
TehDing, ocmaker, OC: 6,2017-04-03
vanja123, ocmaker, OC: 1,2017-04-03
TheSliceman, ocmaker, OC: 1,2017-04-03
Dapianoman, ocmaker, OC: 2,2017-04-03
cnbeau, ocmaker, OC: 2,2017-04-03
WeAreAllApes, ocmaker, OC: 1,2017-04-03
ivyplant, ocmaker, OC: 2,2017-04-03
BluSuedeNicNac81, ocmaker, OC: 1,2017-04-03
KarlRyker, ocmaker, OC: 3,2017-04-03
superemmjay, ocmaker, OC: 1,2017-04-03
cohesive_friction, ocmaker, OC: 1,2017-04-03
q1s2e3, ocmaker, OC: 1,2017-04-03
Seventytvvo, ocmaker, OC: 4,2017-04-03
ChallengeResponse, ocmaker, OC: 2,2017-04-03
muktabh, ocmaker, OC: 1,2017-04-03
11111000000B, ocmaker, OC: 4,2017-04-03
ccollins0822, researcher, Viz Researcher,2017-04-03
arthurloin, ocmaker, OC: 1,2017-04-03
SebBrannigan, researcher, Viz Researcher,2017-04-03
lazarogamio, ocmaker, OC: 7,2017-04-03
mbostock, AMAGuest, Mike Bostock | D3.js creator,2017-04-03
Entopy, ocmaker, OC: 3,2017-04-03
jaLissajous, ocmaker, OC: 1,2017-04-03
davidjl123, ocmaker, OC: 2,2017-04-03
Teelo888, ocmaker, OC: 1,2017-04-03
etherealpenguin, ocmaker, OC: 2,2017-04-03
ibarabi, practitioner, Viz Practitioner,2017-04-03
heuristicmystic, ocmaker, OC: 9,2017-04-03
mattparrilla, practitioner, Viz Practitioner,2017-04-03
jjrennie, ocmaker, OC: 1,2017-04-03
fasnoosh, ocmaker, OC: 3,2017-04-03
Vizual-Statistix, practitioner, Viz Practitioner,2017-04-03
qwerty2020, ocmaker, OC: 11,2017-04-03
Whybthr, ocmaker, OC: 1,2017-04-03
M_Go_Blue, ocmaker, OC: 3,2017-04-03
jacustjack, ocmaker, OC: 3,2017-04-03
Yearlaren, ocmaker, OC: 3,2017-04-03
Jont828, ocmaker, OC: 2,2017-04-03
akrash14, ocmaker, OC: 1,2017-04-03
jemus42, ocmaker, OC: 1,2017-04-03
doinkypoink, ocmaker, OC: 1,2017-04-03
Hetspookjee, ocmaker, OC: 1,2017-04-03
TylerVigen, practitioner, Viz Practitioner,2017-04-03
AnthongRedbeard, ocmaker, OC: 1,2017-04-03
ChristyCloud, ocmaker, OC: 1,2017-04-03
GoldenSights, ocmaker, OC: 2,2017-04-03
CinnamonScroll, ocmaker, OC: 1,2017-04-03
mickjaggernaut, ocmaker, OC: 8,2017-04-03
salamander-, ocmaker, OC: 1,2017-04-03
hammertime84, ocmaker, OC: 9,2017-04-03
jamestrimble, ocmaker, OC: 11,2017-04-03
Afferent_Input, ocmaker, OC: 2,2017-04-03
grandj, practitioner, Viz Practitioner,2017-04-03
EmperorTigerstar, ocmaker, OC: 6,2017-04-03
cascott77, ocmaker, OC: 1,2017-04-03
Aloiciousss, ocmaker, OC: 7,2017-04-03
FX114, ocmaker, OC: 2,2017-04-03
whaleyj, ocmaker, OC: 2,2017-04-03
gizzardgullet, ocmaker, OC: 1,2017-04-03
historicusXIII, ocmaker, OC: 1,2017-04-03
joeycloud, practitioner, Viz Practitioner,2017-04-03
profcyclist, ocmaker, OC: 86,2017-04-03
flexpex, ocmaker, OC: 1,2017-04-03
mccannatron, ocmaker, OC: 1,2017-04-03
thesamprice, ocmaker, OC: 2,2017-04-03
gravityTester, practitioner, Viz Practitioner,2017-04-03
MonoChrono, ocmaker, OC: 1,2017-04-03
Roweyyyy, ocmaker, OC: 1,2017-04-03
Hellerick, ocmaker, OC: 1,2017-04-03
Djtsumpter, practitioner, Viz Practitioner,2017-04-03
PM_ME_YOUR_FAV_COLOR, ocmaker, OC: 2,2017-04-03
bourbonandvinyl, ocmaker, OC: 31,2017-04-03
StudentOfMrKleks, ocmaker, OC: 1,2017-04-03
Sen_Mendoza, ocmaker, OC: 25,2017-04-03
nicisatwork, ocmaker, OC: 2,2017-04-03
VinePair, ocmaker, OC: 9,2017-04-03
worldbeyondyourown, ocmaker, OC: 1,2017-04-03
hungryjoewarren, ocmaker, OC: 1,2017-04-03
uluman, ocmaker, OC: 10,2017-04-03
mfdaniels, ocmaker, OC: 6,2017-04-03
Poutchika, ocmaker, OC: 7,2017-04-03
Phr4gG3r, ocmaker, OC: 2,2017-04-03
A_Cute_Infarction, ocmaker, OC: 1,2017-04-03
owodunni, ocmaker, OC: 1,2017-04-03
siliangrail, ocmaker, OC: 1,2017-04-03
nyshtick, ocmaker, OC: 16,2017-04-03
ingrineer, ocmaker, OC: 1,2017-04-03
duckvimes_, ocmaker, OC: 2,2017-04-03
PhJulien, ocmaker, OC: 3,2017-04-03
relganz, practitioner, Viz Practitioner,2017-04-03
random_numb, ocmaker, OC: 2,2017-04-03
moeburn, ocmaker, OC: 3,2017-04-03
UCanDoEat, ocmaker, OC: 9,2017-04-03
venerialduke, ocmaker, OC: 2,2017-04-03
tronald_trump, ocmaker, OC: 2,2017-04-03
codex561, ocmaker, OC: 1,2017-04-03
vir_innominatus, ocmaker, OC: 7,2017-04-03
BoltKey, ocmaker, OC: 3,2017-04-03
daveman2003, ocmaker, OC: 1,2017-04-03
touchingforscience, ocmaker, OC: 2,2017-04-03
dajasj, ocmaker, OC: 1,2017-04-03
jstuartmill, practitioner, Viz Practitioner,2017-04-03
eurasianlynx, ocmaker, OC: 1,2017-04-03
jimbob_rimjob, ocmaker, OC: 1,2017-04-03
rishsriv, ocmaker, OC: 12,2017-04-03
adtm, ocmaker, OC: 1,2017-04-03
autonova3, ocmaker, OC: 3,2017-04-03
rocjard, ocmaker, OC: 3,2017-04-03
jimrosenz, ocmaker, OC: 114,2017-04-03
HrFrosk, ocmaker, OC: 2,2017-04-03
namanamaboo, ocmaker, OC: 2,2017-04-03
2EZ4NAVI, ocmaker, OC: 1,2017-04-03
2strokes4lyfe, ocmaker, OC: 1,2017-04-03
veenspace, ocmaker, OC: 1,2017-04-03
Cranial_Vault, ocmaker, OC: 1,2017-04-03
vienno, ocmaker, OC: 7,2017-04-03
Grimmmm, ocmaker, OC: 1,2017-04-03
csaladenes, practitioner, Viz Practitioner,2017-04-03
Voytequal, ocmaker, OC: 1,2017-04-03
FrenchTaint, ocmaker, OC: 1,2017-04-03
Browningtons1, ocmaker, OC: 10,2017-04-03
WF835334, ocmaker, OC: 4,2017-04-03
SobeyHarker, ocmaker, OC: 1,2017-04-03
Balloon_Project, ocmaker, OC: 8,2017-04-03
YepYepYepYepYepUhHuh, ocmaker, OC: 1,2017-04-03
veggiedefender, ocmaker, OC: 1,2017-04-03
Unheroic, ocmaker, OC: 1,2017-04-03
verdantlabs, ocmaker, OC: 5,2017-04-03
thepenaltytick, ocmaker, OC: 3,2017-04-03
noquarter53, ocmaker, OC: 7,2017-04-03
Max_OurWorldinData, ocmaker, OC: 37,2017-04-03
target_aquired, ocmaker, OC: 6,2017-04-03
littlearttalks, ocmaker, OC: 1,2017-04-03
inwebitrust, ocmaker, OC: 10,2017-04-03
iam963, practitioner, Viz Practitioner,2017-04-03
tjpalanca, ocmaker, OC: 2,2017-04-03
ShadowHandler, ocmaker, OC: 1,2017-04-03
Bearcla3, ocmaker, OC: 2,2017-04-03
faymontage, ocmaker, OC: 2,2017-04-03
assassinanny911, ocmaker, OC: 2,2017-04-03
NefariousPlots, practitioner, Viz Practitioner,2017-04-03
TrackReddit, ocmaker, OC: 1,2017-04-03
SpencerNorris, ocmaker, OC: 1,2017-04-03
iquantny, ocmaker, OC: 37,2017-04-03
Byzantine-General, ocmaker, OC: 8,2017-04-03
gogolang, ocmaker, OC: 2,2017-04-03
WikiWantsYourPics, ocmaker, OC: 1,2017-04-03
Ooo00O, ocmaker, OC: 1,2017-04-03
compsc, ocmaker, OC: 1,2017-04-03
aceofspadesz, ocmaker, OC: 4,2017-04-03
PmButtPics4ADrawing, ocmaker, OC: 1,2017-04-03
armillary_sphere, researcher, Viz Researcher,2017-04-03
Jgrovum, ocmaker, OC: 38,2017-04-03
seetler, practitioner, Viz Practitioner,2017-04-03
taylor1288, ocmaker, OC: 1,2017-04-03
MrLegilimens, ocmaker, OC: 1,2017-04-03
whiplashoo21, ocmaker, OC: 9,2017-04-03
JackieWayne, ocmaker, OC: 4,2017-04-03
jamtam1, ocmaker, OC: 1,2017-04-03
zapekanka, ocmaker, OC: 1,2017-04-03
dhmontgomery, ocmaker, OC: 3,2017-04-03
evitablebetrayal, ocmaker, OC: 1,2017-04-03
snowdragonrawr, ocmaker, OC: 3,2017-04-03
cnapun, ocmaker, OC: 1,2017-04-03
no_more_gravity, ocmaker, OC: 2,2017-04-03
Jewbilant, ocmaker, OC: 1,2017-04-03
numorate, ocmaker, OC: 1,2017-04-03
OA998, ocmaker, OC: 1,2017-04-03
devianteng, ocmaker, OC: 1,2017-04-03
muffinpoots, ocmaker, OC: 1,2017-04-03
Prooffread3r, practitioner, Viz Practitioner,2017-04-03
Flibidi, ocmaker, OC: 3,2017-04-03
jnd-au, ocmaker, OC: 1,2017-04-03
Asparagus64, ocmaker, OC: 24,2017-04-03
mark_bellhorn, ocmaker, OC: 5,2017-04-03
astrocubs, ocmaker, OC: 2,2017-04-03
mGuv, ocmaker, OC: 1,2017-04-03
cingraham, practitioner, Chris Ingraham (WaPo),2017-04-03
ChickenMarsala, ocmaker, OC: 1,2017-04-03
thatdatadude, practitioner, Viz Practitioner,2017-04-03
Toado85, ocmaker, OC: 7,2017-04-03
The_Bjorn_Identity, ocmaker, OC: 1,2017-04-03
Tsukamori, ocmaker, OC: 2,2017-04-03
sirvizalot, ocmaker, OC: 14,2017-04-03
sagado, ocmaker, OC: 3,2017-04-03
d-qn, ocmaker, OC: 11,2017-04-03
openfolio_dave, ocmaker, OC: 16,2017-04-03
614analytics, practitioner, Viz Practitioner,2017-04-03
albearkamoo, ocmaker, OC: 1,2017-04-03
chipcrazy, ocmaker, OC: 1,2017-04-03
kogiabrev, ocmaker, OC: 1,2017-04-03
cluttermind, ocmaker, OC: 2,2017-04-03
InfoTechProfessional, ocmaker, OC: 1,2017-04-03
tksumanth1994, practitioner, Viz Practitioner,2017-04-03
Princesie, practitioner, Viz Practitioner,2017-04-03
B-Dawgy, ocmaker, OC: 1,2017-04-03
FinalFinance, ocmaker, OC: 1,2017-04-03
TBra, ocmaker, OC: 1,2017-04-03
salmiery, ocmaker, OC: 1,2017-04-03
mmmmmmBacon12345, ocmaker, OC: 1,2017-04-03
tc_io, practitioner, Viz Practitioner,2017-04-03
toddjustman, ocmaker, OC: 1,2017-04-03
_underlines_, ocmaker, OC: 1,2017-04-03
muccapazza, ocmaker, OC: 1,2017-04-03
iturki27, ocmaker, OC: 2,2017-04-03
TungstenAlpha, ocmaker, OC: 1,2017-04-03
BillGoats, ocmaker, OC: 2,2017-04-03
msbarry, ocmaker, OC: 1,2017-04-03
gurmanbh, ocmaker, OC: 5,2017-04-03
hlake, practitioner, Viz Practitioner,2017-04-03
ashann07, ocmaker, OC: 1,2017-04-03
chrisvoncsefalvay, practitioner, Viz Practitioner,2017-04-03
Beflap, ocmaker, OC: 1,2017-04-03
trvrbedford, ocmaker, OC: 2,2017-04-03
mccandelish, AMAGuest, David McCandless | Information Is Beautiful,2017-04-03
agomezvasq, ocmaker, OC: 1,2017-04-03
Ouroboros18, practitioner, Viz Practitioner,2017-04-03
motherofdragoons, ocmaker, OC: 2,2017-04-03
dwainosaur, ocmaker, OC: 6,2017-04-03
Edmund-Dantes, ocmaker, OC: 1,2017-04-03
tblancha, ocmaker, OC: 2,2017-04-03
CombTheDessert, ocmaker, OC: 1,2017-04-03
ao11112, ocmaker, OC: 1,2017-04-03
gray_dorian, ocmaker, OC: 1,2017-04-03
darinhq, ocmaker, OC: 44,2017-04-03
Josh5591, ocmaker, OC: 1,2017-04-03
ChiveDumplings, practitioner, Viz Practitioner,2017-04-03
nbremer, practitioner, Viz Practitioner,2017-04-03
--DrScience--, ocmaker, OC: 8,2017-04-03
TheHudek, ocmaker, OC: 1,2017-04-03
rawr4me, ocmaker, OC: 1,2017-04-03
xangg, practitioner, Viz Practitioner,2017-04-03
toddsnyderny, ocmaker, OC: 14,2017-04-03
cronbachs_beta, ocmaker, OC: 14,2017-04-03
demoztenes, ocmaker, OC: 1,2017-04-03
PhaethonPrime, ocmaker, OC: 13,2017-04-03
manychairs, ocmaker, OC: 1,2017-04-03
utkrowaway, ocmaker, OC: 1,2017-04-03
CanyonRiver, ocmaker, OC: 1,2017-04-03
Plottingman, ocmaker, OC: 3,2017-04-03
eagereyes_org, practitioner, Robert Kosara | EagerEyes,2017-04-03
Cntread, ocmaker, OC: 1,2017-04-03
bingeclock, ocmaker, OC: 2,2017-04-03
dtx07, ocmaker, OC: 3,2017-04-03
_tungs_, ocmaker, OC: 3,2017-04-03
exoticmind_2, ocmaker, OC: 1,2017-04-03
jymhtysy, ocmaker, OC: 1,2017-04-03
InInteraction, practitioner, Viz Practitioner,2017-04-03
chris-love, ocmaker, OC: 3,2017-04-03
jackbeckwith, ocmaker, OC: 5,2017-04-03
visualminder, ocmaker, OC: 1,2017-04-03
IMovedYourCheese, ocmaker, OC: 1,2017-04-03
JaneAce, ocmaker, OC: 1,2017-04-03
mikevizneros, ocmaker, OC: 1,2017-04-03
antorsae, ocmaker, OC: 3,2017-04-03
toomanypotatos, ocmaker, OC: 1,2017-04-03
Signal_Beam, ocmaker, OC: 2,2017-04-03
Strong_Don, ocmaker, OC: 4,2017-04-03
MLJepsen123, ocmaker, OC: 1,2017-04-03
QaranNash1, ocmaker, OC: 1,2017-04-03
isaacfab, ocmaker, OC: 13,2017-04-03
Das5heep, ocmaker, OC: 1,2017-04-03
kryptobanana, ocmaker, OC: 9,2017-04-03
wrzoki, ocmaker, OC: 1,2017-04-03
CJMinard, practitioner, Viz Practitioner,2017-04-03
MrBeanie88, ocmaker, OC: 33,2017-04-03
SuperAgonist, ocmaker, OC: 1,2017-04-03
notsocourageous, ocmaker, OC: 2,2017-04-03
SCtester, ocmaker, OC: 5,2017-04-03
Apps4Life, ocmaker, OC: 2,2017-04-03
ComteDuChagrin, ocmaker, OC: 1,2017-04-03
Mamu7490, ocmaker, OC: 1,2017-04-03
iterator5, ocmaker, OC: 1,2017-04-03
cockachu, ocmaker, OC: 2,2017-04-03
vedangmehta, ocmaker, OC: 2,2017-04-03
ScientiaOmniaVincit, ocmaker, OC: 1,2017-04-03
Severse_Rhycology, ocmaker, OC: 3,2017-04-03
ebertini, AMAGuest, Enrico Bertini | Data Stories,2017-04-03
ChadMurphyUMW, ocmaker, OC: 9,2017-04-03
LMGagne, ocmaker, OC: 1,2017-04-03
chrtze, ocmaker, OC: 1,2017-04-03
oddythepinguin, ocmaker, OC: 1,2017-04-03
uglyasablasphemy, ocmaker, OC: 1,2017-04-03
dat_data, AMAGuest, Mona Chalabi | The Guardian,2017-04-03
skatieholmes, ocmaker, OC: 1,2017-04-03
BRladier, ocmaker, OC: 1,2017-04-03
shorttails, practitioner, Viz Practitioner,2017-04-03
the_burner_username, ocmaker, OC: 6,2017-04-03
MoritzStefaner, AMAGuest, Moritz Stefaner | Data Stories,2017-04-03
notreallyc3po, ocmaker, OC: 1,2017-04-03
Joschkaian, ocmaker, OC: 1,2017-04-03
BlissWhiteShoes, ocmaker, OC: 1,2017-04-03
junkwhinger, ocmaker, OC: 14,2017-04-03
arnoldbm, ocmaker, OC: 1,2017-04-03
dustiboy21, ocmaker, OC: 3,2017-04-03
kcsluis, ocmaker, OC: 1,2017-04-03
whats_my_thing, ocmaker, OC: 14,2017-04-03
wowambored, ocmaker, OC: 3,2017-04-03
sildar44, ocmaker, OC: 4,2017-04-03
Wayne453, ocmaker, OC: 1,2017-04-03
dimdat, ocmaker, OC: 8,2017-04-03
JulioRadillo, ocmaker, OC: 1,2017-04-03
RedPandaSix, ocmaker, OC: 1,2017-04-03
Sir_Ghiss, ocmaker, OC: 3,2017-04-03
RougeTimelord, ocmaker, OC: 1,2017-04-03
thejj100100, ocmaker, OC: 1,2017-04-03
I_AM_ALWAYS_ANGRY, ocmaker, OC: 1,2017-04-03
lostulysses, ocmaker, OC: 1,2017-04-03
tmtyl_101, ocmaker, OC: 1,2017-04-03
onopau, ocmaker, OC: 1,2017-04-03
Martinamisfan, practitioner, Viz Practitioner,2017-04-03
alex_petralia, practitioner, Viz Practitioner,2017-04-03
OverflowDs, practitioner, Viz Practitioner | Overflow Data,2017-04-03
hdhdog, ocmaker, OC: 1,2017-04-03
Udzu, ocmaker, OC: 6,2017-04-03
rodionos, ocmaker, OC: 1,2017-04-03
Khaleesi1025, ocmaker, OC: 1,2017-04-03
XasasuBasasu, ocmaker, OC: 1,2017-04-03
Another_Physicist, practitioner, Viz Practitioner,2017-04-03
quinteus, ocmaker, OC: 1,2017-04-03
StephenHolzman, ocmaker, OC: 5,2017-04-03
NateSilver_538, AMAGuest, Nate Silver - FiveThirtyEight,2017-04-03
SunosUnix, ocmaker, OC: 1,2017-04-03
AlbertoCairo, AMAGuest, Alberto Cairo | Prof. of Visual Journalism,2017-04-03
gddrtkkv, ocmaker, OC: 1,2017-04-03
vladatb, ocmaker, OC: 12,2017-04-03
photenth, ocmaker, OC: 1,2017-04-03
TamaraMunzner, AMAGuest, Prof. Tamara Munzner | UBC,2017-04-03
numpad-yoshimitsu, ocmaker, OC: 1,2017-04-03
alberto_cairo, AMAGuest, Alberto Cairo | Prof. of Visual Journalism,2017-04-03
moebio, AMAGuest, Santiago Ortiz | Moebio Labs,2017-04-03
stairapprentice, ocmaker, OC: 6,2017-04-03
Gachaitry, ocmaker, OC: 1,2017-04-03
jampekka, ocmaker, OC: 1,2017-04-03
BusinessJustin, ocmaker, OC: 1,2017-04-03
bloop_train, ocmaker, OC: 1,2017-04-03
xxemogirl694uxx, practitioner, Viz Practitioner,2017-04-03
UK_ONS, AMAGuest, UK Office for National Statistics,2017-04-03
Mitcheliok, ocmaker, OC: 2,2017-04-03
Morssey, ocmaker, OC: 2,2017-04-03
hrafnklo, ocmaker, OC: 1,2017-04-03
RXience, ocmaker, OC: 2,2017-04-03
CuriousGnu, ocmaker, OC: 21,2017-04-03
bartfehr, ocmaker, OC: 2,2017-04-03
RojoFox, ocmaker, OC: 1,2017-04-03
srm561, ocmaker, OC: 1,2017-04-03
SocialCops, ocmaker, OC: 4,2017-04-03
sowhatnextdave, ocmaker, OC: 1,2017-04-03
Brenden2016, ocmaker, OC: 1,2017-04-03
Enginerd951, ocmaker, OC: 1,2017-04-03
Ashley_J_Kirk, ocmaker, OC: 3,2017-04-03
RLesser, ocmaker, OC: 1,2017-04-03
heyusoft, ocmaker, OC: 11,2017-04-03
ZekkoX, ocmaker, OC: 8,2017-04-03
SemiCuber, ocmaker, OC: 1,2017-04-03
rahul_r, ocmaker, OC: 1,2017-04-03
BWrqboi0, ocmaker, OC: 1,2017-04-03
andhintphoto, ocmaker, OC: 3,2017-04-03
yombato, ocmaker, OC: 2,2017-04-03
BobsBurgers3Bitcoin, ocmaker, OC: 1,2017-04-03
TutuForver, ocmaker, OC: 1,2017-04-03
Afreedragon, ocmaker, OC: 1,2017-04-03
amazonada, ocmaker, OC: 1,2017-04-03
boxOfficeBonanza89, ocmaker, OC: 2,2017-04-03
___Hobbes___, ocmaker, OC: 1,2017-04-03
NW5qs, ocmaker, OC: 1,2017-04-03
andybarefoot, ocmaker, OC: 9,2017-04-03
sjkassel, ocmaker, OC: 1,2017-04-03
pf_throwaway811, ocmaker, OC: 1,2017-04-03
r2r_, ocmaker, OC: 1,2017-04-03
chartmkr, ocmaker, OC: 5,2017-04-03
datatitian, ocmaker, OC: 2,2017-04-03
Bricktop52, ocmaker, OC: 1,2017-04-03
fwdslsh, ocmaker, OC: 1,2017-04-03
DogEarBlanket, ocmaker, OC: 1,2017-04-03
DATA_Visualised, practitioner, Viz Practitioner,2017-04-03
IUseThisNameAtWork, ocmaker, OC: 1,2017-04-03
GemmaJ123, ocmaker, OC: 25,2017-04-03
siddharth2707, ocmaker, OC: 1,2017-04-03
kevpluck, ocmaker, OC: 14,2017-04-03
kjtobal, ocmaker, OC: 1,2017-04-03
RyanSleeper, practitioner, Viz Practitioner,2017-04-03
insideofus, ocmaker, OC: 1,2017-04-03
__eldorado__, ocmaker, OC: 2,2017-04-03
alexgabriel_i, ocmaker, OC: 22,2017-04-03
ps4southofdc, ocmaker, OC: 1,2017-04-03
smi_markrt, AMAGuest, Mark Taylor | Sheffield Methods Institute,2017-04-03
smi_apiekut, AMAGuest, Aneta Piekut | Sheffield Methods Institute,2017-04-03
smi_tkhartman, AMAGuest, Todd Hartman | Sheffield Methods Institute,2017-04-03
BarkingPizza, ocmaker, OC: 1,2017-04-03
smi_andrewjdbell, AMAGuest, Andrew Bell | Sheffield Methods Institute,2017-04-03
SPSSGod, practitioner, Viz Practitioner,2017-04-03
daiginjo666, ocmaker, OC: 1,2017-04-03
damaru_reddit, ocmaker, OC: 1,2017-04-03
svizzero2016, ocmaker, OC: 4,2017-04-03
ImproSelf, ocmaker, OC: 1,2017-04-03
tjayrush, ocmaker, OC: 1,2017-04-03
simongerman600, ocmaker, OC: 2,2017-04-03
MorganRehnberg, ocmaker, OC: 1,2017-04-03
TheUltimatum29, ocmaker, OC: 1,2017-04-03
amacd31, ocmaker, OC: 1,2017-04-03
davidmpires, practitioner, Viz Practitioner,2017-04-03
The_Data_Guy, ocmaker, OC: 11,2017-04-03
TyeJoKing, ocmaker, OC: 1,2017-04-03
VizZakovich, ocmaker, OC: 69,2017-04-03
kartik_sundar, practitioner, Viz Practitioner,2017-04-03
DaDaDaonald, ocmaker, OC: 1,2017-04-03
wildeastmofo, ocmaker, OC: 5,2017-04-03
shadowfreud, ocmaker, OC: 1,2017-04-03
MiDataLabs, ocmaker, OC: 7,2017-04-03
themolidor, ocmaker, OC: 1,2017-04-03
Wumbotron123, ocmaker, OC: 1,2017-04-03
datavizard, ocmaker, OC: 7,2017-04-03
glfharris, ocmaker, OC: 2,2017-04-03
Erolone, ocmaker, OC: 1,2017-04-03
MC_data_tricks, ocmaker, OC: 3,2017-04-03
nvvknvvk, ocmaker, OC: 1,2017-04-03
badgraphs, ocmaker, OC: 1,2017-04-03
ReviewMeta, ocmaker, OC: 4,2017-04-03
andrew_elliott, ocmaker, OC: 1,2017-04-03
truetolifetome, ocmaker, OC: 15,2017-04-03
monodactyl, ocmaker, OC: 1,2017-04-03
Ike348, ocmaker, OC: 1,2017-04-03
jonniwalker, ocmaker, OC: 12,2017-04-03
Jaykarimi, ocmaker, OC: 1,2017-04-03
Wylor409, ocmaker, OC: 1,2017-04-03
cloud_creator, practitioner, Viz Practitioner,2017-04-03
yaylindizzle, ocmaker, OC: 1,2017-04-03
WT_UK, ocmaker, OC: 1,2017-04-03
nharrisjs, ocmaker, OC: 3,2017-04-03
eriknstr, ocmaker, OC: 1,2017-04-03
ashiundar1, ocmaker, OC: 3,2017-04-03
ScottBerinatoHBR, AMAGuest, Scott Berinato | Harvard Business Review,2017-04-03
catdci, ocmaker, OC: 1,2017-04-03
sexydataset, ocmaker, OC: 1,2017-04-03
Tikdapp, ocmaker, OC: 11,2017-04-03
DataVisualisations, ocmaker, OC: 21,2017-04-03
JT_SOC, ocmaker, OC: 2,2017-04-03
johnjohnsoneverydata, AMAGuest, John Johnson | Edgeworth Economics,2017-04-03
gauchnomics, ocmaker, OC: 2,2017-04-03
ItwasNewHorizons, ocmaker, OC: 1,2017-04-03
dataden, ocmaker, OC: 1,2017-04-03
MarkusDeNeutoy, ocmaker, OC: 1,2017-04-03
rokoeh, ocmaker, OC: 1,2017-04-03
BRENNEJM, ocmaker, OC: 2,2017-04-03
TravelTime_LKB, ocmaker, OC: 2,2017-04-03
betterdatanashville, practitioner, Viz Practitioner,2017-04-03
DataPro23, ocmaker, OC: 2,2017-04-03
007sman5, ocmaker, OC: 2,2017-04-03
halfeatenscone, ocmaker, OC: 1,2017-04-03
tilapios, ocmaker, OC: 1,2017-04-03
Abrytan, ocmaker, OC: 1,2017-04-03
MuricanTragedy5, ocmaker, OC: 1,2017-04-03
Faizann24, ocmaker, OC: 1,2017-04-03
donkencha, ocmaker, OC: 1,2017-04-03
smlbiobot, ocmaker, OC: 2,2017-04-03
DocNMarty, ocmaker, OC: 1,2017-04-03
Bluegreeney, ocmaker, OC: 3,2017-04-03
klausmonkey42, ocmaker, OC: 1,2017-04-03
AnZoo87, ocmaker, OC: 2,2017-04-03
flerlagekr, ocmaker, OC: 13,2017-04-03
I_Trane_UFC, ocmaker, OC: 1,2017-04-03
SixMonthsLaterGaming, ocmaker, OC: 1,2017-04-03
MysterySpaghetti, ocmaker, OC: 1,2017-04-03
katietr, ocmaker, OC: 1,2017-04-03
SmittyWerbenjagerNo1, ocmaker, OC: 1,2017-04-03
cupduckstapler, ocmaker, OC: 1,2017-04-03
gck99, ocmaker, OC: 1,2017-04-03
bujw, ocmaker, OC: 1,2017-04-03
Mer-fishy, ocmaker, OC: 2,2017-04-03
okay_correct_horse, ocmaker, OC: 1,2017-04-03
Salem-Witch, ocmaker, OC: 1,2017-04-03
corsician, ocmaker, OC: 1,2017-04-03
__bread, ocmaker, OC: 4,2017-04-03
pongislife, ocmaker, OC: 1,2017-04-03
praw_dad, ocmaker, OC: 2,2017-04-03
Prince-Akeem, ocmaker, OC: 2,2017-04-03
throwawayaccount5944, ocmaker, OC: 1,2017-04-03
circlexxxx, ocmaker, OC: 1,2017-04-03
GOliveira18, practitioner, Viz Practitioner,2017-04-03
slimisshadyaf, ocmaker, OC: 1,2017-04-03
GurbangulyBerdimuha, ocmaker, OC: 1,2017-04-03
AutoEngBM86, ocmaker, OC: 1,2017-04-03
swiftlikeafox, ocmaker, OC: 1,2017-04-03
messworthy, practitioner, Viz Practitioner,2017-04-03
mx86, ocmaker, OC: 1,2017-04-03
shahinrostami, researcher, Viz Researcher,2017-04-03
dr_isk_16, ocmaker, OC: 1,2017-04-03
shnugi_, ocmaker, OC: 1,2017-04-03
DataVizHokie, ocmaker, OC: 3,2017-04-03
dkrupp24, ocmaker, OC: 1,2017-04-03
jovencoda, ocmaker, OC: 1,2017-04-03
topiary_bird, ocmaker, OC: 1,2017-04-03
arunkishore, practitioner, Viz Practitioner,2017-04-03
anslen, ocmaker, OC: 1,2017-04-03
thegraphisdead, ocmaker, OC: 2,2017-04-03
datashown, ocmaker, OC: 22,2017-04-03
CraftyPawn, ocmaker, OC: 1,2017-04-03
dan-gis, ocmaker, OC: 1,2017-04-03
OrgNoXIILarxene, ocmaker, OC: 1,2017-04-03
Dunn_Lurking, ocmaker, OC: 1,2017-04-03
brownbagit1234, ocmaker, OC: 1,2017-04-03
timmysbq, ocmaker, OC: 1,2017-04-03
MrTryHardShow, ocmaker, OC: 1,2017-04-03
PM-ME-NUDES-OR-TITS, ocmaker, OC: 1,2017-04-03
snbrd512, ocmaker, OC: 1,2017-04-03
perhapsmaybeharry, ocmaker, OC: 1,2017-04-03
lurkrake, ocmaker, OC: 1,2017-04-03
herrfischerrr, ocmaker, OC: 5,2017-04-03
maxxamillionandone, ocmaker, OC: 4,2017-04-03
Sea3rdWay, ocmaker, OC: 2,2017-04-03
ballsandnumbers, ocmaker, OC: 1,2017-04-03
JRochester91, ocmaker, OC: 1,2017-04-03
MeanSquaredAir, ocmaker, OC: 1,2017-04-03
david_ingold, ocmaker, OC: 1,2017-04-03
Viixxx, ocmaker, OC: 1,2017-04-03
robmoo_re, ocmaker, OC: 1,2017-04-03
shitsgettingscary, ocmaker, OC: 1,2017-04-03
LickerGeospatial, ocmaker, OC: 8,2017-04-03
a_single_design, ocmaker, OC: 7,2017-04-03
mae3780, ocmaker, OC: 1,2017-04-03
TestudoIsCooler, ocmaker, OC: 2,2017-04-03
Eldritch6601, ocmaker, OC: 1,2017-04-03
emilyjames1, ocmaker, OC: 2,2017-04-03
SwedishTaxes, ocmaker, OC: 1,2017-04-03
rcorty_UNC, ocmaker, OC: 1,2017-04-03
sendingthecrux, ocmaker, OC: 1,2017-04-03
openOV, ocmaker, OC: 2,2017-04-03
AccountForPornGraph, ocmaker, OC: 1,2017-04-03
wrkyle, ocmaker, OC: 1,2017-04-03
Californensis, ocmaker, OC: 1,2017-04-03
joshtapley, ocmaker, OC: 1,2017-04-03
hahasTooOften, ocmaker, OC: 1,2017-04-03
BroughtToYouByCoke, ocmaker, OC: 1,2017-04-03
statsandgames, ocmaker, OC: 1,2017-04-03
picorana, ocmaker, OC: 1,2017-04-03
blandordinaryuser, ocmaker, OC: 1,2017-04-03
VizRight, ocmaker, OC: 2,2017-04-03
clardata6249, ocmaker, OC: 1,2017-04-03
tpriceization, ocmaker, OC: 1,2017-04-03
elena_d_kaiache, ocmaker, OC: 1,2017-04-03
KeithRaboin, ocmaker, OC: 1,2017-04-03
OC-Bot, ocmaker, Flair Bot,2017-04-03
EconomicsBob, ocmaker, OC: 4,2017-04-03
cat_sphere, ocmaker, OC: 1,2017-04-03
da_nz, ocmaker, OC: 1,2017-04-03
orrscott, ocmaker, OC: 1,2017-04-03
Justintimmer, ocmaker, OC: 1,2017-04-03
pleask, ocmaker, OC: 1,2017-04-03
datavizlinds, ocmaker, OC: 1,2017-04-03
datavizshah, ocmaker, OC: 1,2017-04-03
brewtaco, ocmaker, OC: 1,2017-04-03
diviner_of_data, ocmaker, OC: 1,2017-04-03
TotallyPythonic, ocmaker, OC: 1,2017-04-03
cdavis_databytes, ocmaker, OC: 1,2017-04-03
B409740325D7ABBF1F3C, ocmaker, OC: 1,2017-04-03
lioviz, ocmaker, OC: 1,2017-04-03
